,Id,HubId,RelativeToMaxCap
0,126,0659_2022-04-28,0.7544927536231884
1,177,0659_2022-04-29,0.7834782608695652
2,208,0659_2022-04-26,1.0
3,238,0659_2022-04-27,0.7510144927536232
4,271,1151_2022-01-06,0.4886781140759853
5,295,1151_2022-03-18,0.7722906376775093
6,302,1151_2022-03-25,0.6946012019064409
7,303,1151_2022-04-29,0.6555131545562737
8,321,1151_2022-01-21,0.27926203408058276
9,332,1151_2022-04-08,0.565410066607445
10,343,1151_2022-02-28,0.7771691650755077
11,346,1151_2022-01-07,0.42961199405967326
12,347,1151_2022-03-17,0.882401661748539
13,353,1151_2022-01-27,0.7888874547242956
14,356,1151_2022-02-07,0.18611662220665545
15,357,1151_2022-02-15,0.576399506077036
16,360,1151_2022-04-25,0.46425319559270944
17,363,1151_2022-04-04,0.6192187247811235
18,366,1151_2022-03-31,0.7539546282474108
19,371,1151_2022-01-05,0.24655402734872525
20,377,1151_2022-03-04,0.805556364427472
21,380,1151_2022-04-14,0.5796733587691861
22,382,1151_2022-03-07,0.18912105317210662
23,384,1151_2022-04-07,0.5222758238005611
24,389,1151_2022-02-21,0.5570717119646009
25,390,1151_2022-02-17,0.8035875206850663
26,391,1151_2022-04-05,0.8009928623049057
27,392,1151_2022-01-14,0.5597254924789562
28,395,1151_2022-03-29,0.2749805746719334
29,398,1151_2022-04-06,0.4242146944869268
30,399,1151_2022-03-24,0.7758908036799167
31,400,1151_2022-04-13,0.8040068622345657
32,401,1151_2022-02-02,0.7422519539431812
33,404,1151_2022-04-20,0.4975234188871985
34,407,1151_2022-04-11,0.3942131360731442
35,410,1151_2022-01-13,0.6036756004370156
36,411,1151_2022-02-04,0.5263785729890024
37,415,1151_2022-01-11,0.24831828261962943
38,416,1151_2022-04-19,0.43692072602915816
39,418,1151_2022-01-25,0.665408700559203
40,419,1151_2022-01-17,0.46741721936891406
41,420,1151_2022-01-03,0.37540259782959434
42,421,1151_2022-02-03,0.2508422381570417
43,424,1151_2022-01-20,0.41710912842894904
44,425,1151_2022-03-16,0.17578882814353355
45,427,1151_2022-04-22,0.7496133888792454
46,428,1151_2022-04-26,0.5267531603196159
47,429,1151_2022-04-15,0.34769214559705514
48,430,1151_2022-01-31,0.5758739492166653
49,431,1151_2022-04-28,0.9705882352941176
50,433,1151_2022-02-08,1.0
51,434,1151_2022-01-19,0.36017613634575146
52,435,1151_2022-02-09,0.5802412312677198
53,436,1151_2022-03-22,0.47988205885709023
54,440,1151_2022-02-14,0.7847520546201471
55,441,1151_2022-04-27,0.640934452692377
56,459,1155_2022-01-28,0.9563492063492064
57,471,1155_2022-04-15,1.0
58,492,1155_2022-02-25,0.998015873015873
59,499,1155_2022-01-07,0.8869047619047619
60,500,1155_2022-01-14,0.8849206349206349
61,517,1155_2022-03-18,0.9206349206349206
62,525,1155_2022-01-06,0.8551587301587302
63,532,1155_2022-01-20,0.9087301587301587
64,1642,1155_2022-04-08,1.0
65,1644,1155_2022-01-10,0.9047619047619048
66,1650,1155_2022-04-22,0.7936507936507936
67,1656,1155_2022-02-04,0.8115079365079364
68,1664,1155_2022-01-05,0.8472222222222222
69,1669,1155_2022-01-04,0.8132159276469034
70,1676,1155_2022-01-12,0.7916666666666666
71,1678,1155_2022-01-03,0.6785714285714285
72,1679,1155_2022-04-28,1.0
73,1682,1155_2022-04-13,0.4108551337339921
74,1686,1155_2022-02-10,0.9206349206349206
75,1690,1155_2022-01-18,0.8928571428571429
76,1692,1155_2022-02-18,0.9484126984126985
77,1693,1155_2022-01-21,0.9603174603174603
78,1697,1155_2022-04-25,0.8652713691376702
79,1705,1155_2022-04-29,0.9603174603174603
80,1707,1155_2022-01-13,0.9007936507936508
81,1708,1155_2022-04-26,0.8888888888888888
82,1709,1155_2022-01-11,0.871031746031746
83,1710,1155_2022-03-11,0.9781746031746031
84,1712,1155_2022-04-19,0.8035714285714285
85,1717,1155_2022-02-03,0.838488686573974
86,1720,1155_2022-01-24,1.0
87,1722,1155_2022-01-25,0.8591269841269842
88,1723,1155_2022-02-02,0.8115079365079364
89,1724,1155_2022-01-17,0.9365079365079364
90,1729,1155_2022-04-21,0.8928571428571429
91,1733,1155_2022-03-07,1.0
92,1736,1155_2022-02-08,0.9325396825396824
93,1737,1155_2022-01-19,0.8630952380952381
94,1739,1155_2022-03-17,0.9841269841269842
95,1740,1155_2022-04-06,0.9662698412698413
96,1741,1155_2022-03-03,0.8630952380952381
97,1743,1155_2022-04-27,0.7678571428571429
98,1746,1155_2022-02-28,0.896182614725164
99,1747,1155_2022-02-09,0.9345238095238096
100,1749,1155_2022-01-26,0.8492063492063492
101,1750,1155_2022-04-05,0.9107142857142857
102,1752,1155_2022-01-31,0.8809523809523809
103,1753,1155_2022-01-27,0.9464285714285715
104,1754,1155_2022-02-16,0.8571428571428571
105,1756,1155_2022-03-25,0.9874246722138175
106,1757,1155_2022-03-09,0.8829365079365079
107,1758,1155_2022-03-24,0.8829365079365079
108,1759,1155_2022-02-14,0.9265873015873015
109,1761,1155_2022-04-14,0.9285714285714285
110,1762,1155_2022-02-22,0.871031746031746
111,1765,1155_2022-02-07,0.7956349206349206
112,1766,1155_2022-04-11,0.876984126984127
113,1768,1155_2022-04-01,1.0
114,1770,1155_2022-03-30,0.8492063492063492
115,1772,1155_2022-04-12,0.28330695638649
116,1773,1155_2022-02-01,0.7797619047619048
117,1775,1155_2022-03-04,0.8888888888888888
118,1777,1155_2022-04-20,0.9246031746031745
119,1778,1155_2022-04-07,0.8392857142857143
120,1779,1155_2022-02-15,0.7876984126984127
121,1780,1155_2022-03-31,0.8690476190476191
122,1784,1155_2022-02-23,0.8412698412698413
123,1785,1155_2022-03-15,0.9702380952380952
124,1786,1155_2022-03-08,0.7837301587301587
125,1788,1155_2022-02-11,0.9464285714285715
126,1789,1155_2022-03-21,0.8756461169944529
127,1790,1155_2022-02-24,0.8273809523809524
128,1791,1155_2022-03-10,0.7996031746031745
129,1792,1155_2022-03-01,0.8690476190476191
130,1793,1155_2022-02-21,0.8630952380952381
131,1794,1155_2022-03-14,1.0
132,1795,1155_2022-03-16,0.7698412698412698
133,1796,1155_2022-02-17,0.8829365079365079
134,1797,1155_2022-03-23,0.8531746031746031
135,1798,1155_2022-03-02,0.7837301587301587
136,1799,1155_2022-03-22,0.8134920634920636
137,1801,1155_2022-03-29,0.8273809523809524
138,1802,1155_2022-04-04,1.0
139,1866,4599_2022-01-08,0.6565094674622328
140,1929,4599_2022-01-14,0.7032448377581121
141,1931,4599_2022-01-28,0.8070796460176991
142,1932,4599_2022-01-07,0.8023598820058998
143,1936,4599_2022-02-18,0.7339233038348082
144,1937,4599_2022-02-19,0.1599590563916646
145,1942,4599_2022-04-22,0.6591411122284795
146,1945,4599_2022-01-17,0.7935103244837758
147,1946,4599_2022-01-04,0.8023598820058998
148,1948,4599_2022-02-26,0.7905604719764012
149,1967,4599_2022-02-24,0.8784660766961653
150,1991,4599_2022-04-25,0.7675516224188791
151,1992,4599_2022-01-20,0.7415929203539823
152,1993,4599_2022-01-29,0.6867256637168141
153,1994,4599_2022-01-22,0.6227826445874677
154,1997,4599_2022-02-05,0.7168141592920354
155,2000,4599_2022-02-25,0.7575221238938052
156,2010,4599_2022-01-10,0.7374631268436578
157,2012,4599_2022-03-04,0.7138643067846608
158,2022,4599_2022-01-26,0.7781710914454277
159,2023,4599_2022-02-10,0.7722713864306785
160,2025,4599_2022-01-13,0.691487380441584
161,2026,4599_2022-01-21,0.7268436578171092
162,2027,4599_2022-01-24,0.7457227138643067
163,2028,4599_2022-03-11,0.8123893805309734
164,2038,4599_2022-02-07,0.7893805309734514
165,2039,4599_2022-01-05,0.617154148565299
166,2041,4599_2022-01-25,0.7581120943952803
167,2044,4599_2022-02-15,0.8967551622418878
168,2047,4599_2022-02-22,0.7999999999999999
169,2054,4599_2022-02-01,0.8265486725663717
170,2055,4599_2022-02-04,0.7150442477876107
171,2057,4599_2022-01-19,0.8230088495575222
172,2058,4599_2022-02-02,0.7705014749262536
173,2059,4599_2022-02-23,0.7415929203539823
174,2062,4599_2022-03-03,0.7238938053097345
175,2063,4599_2022-03-18,0.8041297935103245
176,2068,4599_2022-03-20,0.14399651359199053
177,2070,4599_2022-01-11,0.967551622418879
178,2072,4599_2022-01-31,0.8176991150442477
179,2073,4599_2022-02-14,0.7504424778761063
180,2074,4599_2022-02-11,0.8861356932153392
181,2075,4599_2022-02-03,0.8448377581120944
182,2077,4599_2022-03-09,0.8235988200589971
183,2086,4599_2022-02-16,0.7115044247787611
184,2087,4599_2022-04-21,0.7115044247787611
185,2089,4599_2022-01-27,0.8530973451327434
186,2090,4599_2022-03-01,0.7958702064896755
187,2091,4599_2022-03-17,0.7864306784660767
188,2092,4599_2022-03-02,0.7398230088495575
189,2093,4599_2022-03-15,0.7740412979351032
190,2098,4599_2022-01-12,0.7882005899705016
191,2099,4599_2022-04-28,0.8306784660766962
192,2101,4599_2022-03-21,0.7899705014749262
193,2102,4599_2022-02-28,0.7274336283185839
194,2103,4599_2022-04-27,0.9563421828908555
195,2104,4599_2022-03-25,0.7628318584070796
196,2105,4599_2022-02-08,0.7651917404129792
197,2106,4599_2022-02-17,0.735693215339233
198,2107,4599_2022-02-21,0.7533923303834809
199,2108,4599_2022-03-14,0.7274336283185839
200,2113,4599_2022-04-08,0.7769911504424778
201,2118,4599_2022-03-12,0.5297949584338965
202,2119,4599_2022-04-15,0.7020648967551623
203,2121,4599_2022-04-14,0.7988200589970501
204,2122,4599_2022-01-06,0.7168141592920354
205,2123,4599_2022-03-05,0.7327433628318584
206,2124,4599_2022-03-08,0.8147492625368731
207,2128,4599_2022-04-12,0.743362831858407
208,2129,4599_2022-04-20,0.7392330383480825
209,2130,4599_2022-04-05,0.7828908554572273
210,2131,4599_2022-04-04,0.7551622418879056
211,2133,4599_2022-04-26,0.9050147492625369
212,2135,4599_2022-03-28,0.8389380530973453
213,2136,4599_2022-03-07,0.7592920353982301
214,2137,4599_2022-02-09,0.8047197640117995
215,2138,4599_2022-01-18,0.8064896755162242
216,2139,4599_2022-03-10,0.7309734513274336
217,2142,4599_2022-03-24,0.7410029498525074
218,2144,4599_2022-03-31,0.7882005899705016
219,2146,4599_2022-04-11,0.8477876106194691
220,2147,4599_2022-03-16,0.7002949852507374
221,2150,4599_2022-03-30,0.735693215339233
222,2152,4599_2022-04-06,0.7911504424778761
223,2153,4599_2022-03-23,0.7646017699115045
224,2154,4599_2022-04-29,0.759882005899705
225,2155,4599_2022-03-22,0.8430678466076696
226,2156,4599_2022-04-13,0.8696165191740413
227,2157,4599_2022-03-29,0.8353982300884956
228,2158,4599_2022-04-01,0.8601769911504425
229,2159,4599_2022-04-19,0.44826608116563865
230,2160,4599_2022-04-07,0.7581120943952803
231,2169,4671_2022-01-31,0.0005344357864257484
232,2240,7913_2022-04-26,0.6902771208871538
233,2243,7913_2022-04-22,0.7325612064215026
234,2246,7913_2022-04-21,1.0
235,2247,7913_2022-04-29,0.6412588075959129
236,2250,7913_2022-04-28,0.7794254304430949
237,2251,7913_2022-04-25,0.7615367237404409
238,2252,7913_2022-02-09,1.0
239,2254,7913_2022-04-27,0.655011978102307
240,2349,C001_2022-04-28,0.7580647688952954
241,2389,C001_2022-03-11,0.8481764206955047
242,2413,C001_2022-04-16,0.8837998303647159
243,2414,C001_2022-03-18,0.8261238337574216
244,2417,C001_2022-03-04,0.8651399491094147
245,2450,C001_2022-04-29,0.840809120295846
246,2457,C001_2022-01-28,0.778343653477866
247,2481,C001_2022-03-10,0.6925052074043746
248,2486,C001_2022-02-04,0.87092182474469
249,2495,C001_2022-01-21,0.7841966306643507
250,2508,C001_2022-02-18,0.8719253604749788
251,2510,C001_2022-03-24,0.765340207737787
252,2516,C001_2022-04-01,0.8498727735368957
253,2518,C001_2022-02-10,0.6842976317119516
254,2519,C001_2022-04-08,0.7825990808409973
255,2522,C001_2022-02-11,0.8312964354778299
256,2528,C001_2022-03-25,0.8464800678541137
257,2537,C001_2022-04-21,0.8285126097223078
258,2543,C001_2022-02-08,0.8371501272264631
259,2547,C001_2022-02-07,0.7094047227410369
260,2549,C001_2022-02-21,0.7414077212721525
261,2575,C001_2022-02-14,0.7169109809867639
262,2576,C001_2022-03-01,0.7828668363019508
263,2578,C001_2022-01-06,0.678703088521325
264,2587,C001_2022-02-25,0.803909308627157
265,2590,C001_2022-02-28,0.7722079149629911
266,2592,C001_2022-03-31,0.7906397488749666
267,2594,C001_2022-04-11,0.7735479962533162
268,2595,C001_2022-01-14,0.7775948941150516
269,2600,C001_2022-04-24,0.8008160545899058
270,2602,C001_2022-01-30,0.8651399491094147
271,2605,C001_2022-03-29,0.8439355385920271
272,2607,C001_2022-02-02,0.8464800678541137
273,2608,C001_2022-03-07,0.796263376789132
274,2610,C001_2022-01-12,0.7701441899915182
275,2615,C001_2022-04-20,0.8324577174394671
276,2616,C001_2022-01-07,0.6625140100547232
277,2617,C001_2022-01-10,0.663704213461264
278,2618,C001_2022-02-17,0.825275657336726
279,2619,C001_2022-03-03,0.7326151692083916
280,2621,C001_2022-03-17,0.8040712468193384
281,2625,C001_2022-03-28,0.816793893129771
282,2636,C001_2022-01-31,0.830364715860899
283,2637,C001_2022-04-04,0.6836544298677755
284,2638,C001_2022-02-16,0.7478462860654149
285,2648,C001_2022-01-13,0.6236614458011528
286,2650,C001_2022-02-23,0.8159457167090755
287,2652,C001_2022-02-24,0.8159457167090755
288,2653,C001_2022-03-23,0.81509754028838
289,2654,C001_2022-02-22,0.8363019508057676
290,2655,C001_2022-04-26,0.7968100190138593
291,2657,C001_2022-03-16,0.7989821882951654
292,2659,C001_2022-01-20,0.81509754028838
293,2666,C001_2022-03-21,0.7415010555776792
294,2670,C001_2022-01-26,0.6751769985896964
295,2672,C001_2022-03-22,0.8015267175572519
296,2676,C001_2022-02-03,0.8363019508057676
297,2677,C001_2022-01-11,0.7828668363019508
298,2678,C001_2022-02-01,0.711401440341913
299,2679,C001_2022-01-19,0.8592027141645463
300,2680,C001_2022-01-04,0.8939779474130619
301,2682,C001_2022-03-09,0.7989821882951654
302,2683,C001_2022-03-02,0.8091603053435114
303,2684,C001_2022-02-09,0.8108566581849024
304,2686,C001_2022-03-15,0.8541136556403731
305,2687,C001_2022-04-06,0.9737065309584394
306,2688,C001_2022-04-27,0.8180269292585965
307,2690,C001_2022-02-15,0.7903298493287192
308,2691,C001_2022-04-13,0.7281876560105545
309,2692,C001_2022-01-17,0.7942249497855878
310,2693,C001_2022-01-25,0.8312128922815946
311,2694,C001_2022-01-18,0.7784944346290303
312,2696,C001_2022-01-05,0.7692960135708228
313,2697,C001_2022-04-12,0.8413910093299406
314,2698,C001_2022-03-30,0.8363019508057676
315,2700,C001_2022-01-24,0.7972858354537745
316,2701,C001_2022-03-08,0.8227311280746396
317,2702,C001_2022-04-05,0.8532654792196777
318,2703,C001_2022-04-25,0.744717072650891
319,2704,C001_2022-03-14,0.7302676117508269
320,2883,C003_2022-04-22,0.8487261146496815
321,2900,C003_2022-02-11,0.8582802547770702
322,2938,C003_2022-01-14,0.8152866242038216
323,2946,C003_2022-04-01,0.8662420382165604
324,2956,C003_2022-03-25,0.8949044585987261
325,2971,C003_2022-02-04,0.9729299363057325
326,3064,C003_2022-03-18,0.8349256900212314
327,3065,C003_2022-02-25,0.8322717622080679
328,3077,C003_2022-02-14,0.8312101910828025
329,3086,C003_2022-01-07,0.8858811040339702
330,3087,C003_2022-01-28,0.9018046709129512
331,3094,C003_2022-02-18,0.8800424628450106
332,3107,C003_2022-04-28,0.8476645435244161
333,3112,C003_2022-02-22,0.8503184713375797
334,3119,C003_2022-02-03,0.7728237791932059
335,3124,C003_2022-01-24,0.8237791932059447
336,3126,C003_2022-02-24,0.8089171974522293
337,3127,C003_2022-03-11,0.8434182590233545
338,3128,C003_2022-03-24,0.8487261146496815
339,3131,C003_2022-02-10,0.807855626326964
340,3144,C003_2022-02-28,0.8550955414012739
341,3148,C003_2022-03-07,1.0
342,3149,C003_2022-04-15,0.8179405520169851
343,3157,C003_2022-01-21,0.8869426751592356
344,3159,C003_2022-03-17,0.8359872611464968
345,3162,C003_2022-01-20,0.8227176220806793
346,3163,C003_2022-02-16,0.8428874734607219
347,3169,C003_2022-04-08,0.9904458598726115
348,3170,C003_2022-04-07,0.8248407643312102
349,3173,C003_2022-02-02,0.8954352441613588
350,3179,C003_2022-01-17,0.8370488322717623
351,3185,C003_2022-01-03,0.8598726114649682
352,3188,C003_2022-02-23,0.8588110403397028
353,3189,C003_2022-01-27,0.8359872611464968
354,3193,C003_2022-03-03,0.9952229299363058
355,3194,C003_2022-01-26,0.8142250530785562
356,3200,C003_2022-01-06,0.0036598485360439387
357,3204,C003_2022-02-17,0.8566878980891719
358,3205,C003_2022-02-08,0.826963906581741
359,3210,C003_2022-02-01,0.821656050955414
360,3218,C003_2022-04-04,0.8646496815286624
361,3219,C003_2022-03-01,0.8179405520169851
362,3225,C003_2022-02-07,0.8503184713375797
363,3226,C003_2022-01-05,0.7829087048832272
364,3230,C003_2022-01-04,0.7887473460721868
365,3231,C003_2022-01-12,0.7738853503184714
366,3232,C003_2022-04-14,0.8237791932059447
367,3236,C003_2022-03-08,0.8131634819532909
368,3238,C003_2022-03-30,0.733481493883132
369,3241,C003_2022-01-11,0.7839702760084926
370,3244,C003_2022-01-13,0.781316348195329
371,3245,C003_2022-04-21,0.8657112526539278
372,3246,C003_2022-04-05,0.8550955414012739
373,3253,C003_2022-02-09,0.8280254777070063
374,3254,C003_2022-04-29,0.9363057324840764
375,3256,C003_2022-04-25,0.8657112526539278
376,3257,C003_2022-03-23,0.7845010615711253
377,3258,C003_2022-03-31,0.9708067940552016
378,3259,C003_2022-03-10,1.0
379,3260,C003_2022-01-25,0.8184713375796179
380,3261,C003_2022-01-10,0.7903397027600848
381,3262,C003_2022-04-11,0.8434182590233545
382,3264,C003_2022-04-13,0.8481953290870488
383,3265,C003_2022-03-29,0.998407643312102
384,3266,C003_2022-04-12,0.8386411889596603
385,3267,C003_2022-03-22,0.774416135881104
386,3268,C003_2022-03-14,0.8588110403397028
387,3269,C003_2022-02-15,0.7839702760084926
388,3270,C003_2022-01-19,1.0
389,3271,C003_2022-03-15,0.8354564755838642
390,3272,C003_2022-01-31,0.8773885350318471
391,3273,C003_2022-04-27,0.8248407643312102
392,3274,C003_2022-03-16,0.8439490445859873
393,3275,C003_2022-02-21,0.8386411889596603
394,3276,C003_2022-04-20,1.0
395,3277,C003_2022-03-21,0.8221868365180467
396,3278,C003_2022-04-26,0.8322717622080679
397,3301,C004_2022-04-27,0.6375196213314814
398,3309,C004_2022-03-16,0.15523206203356385
399,3335,C004_2022-01-19,0.785009306364234
400,3336,C004_2022-02-09,0.7835811713872453
401,3363,C004_2022-03-01,0.6941657176594346
402,3369,C004_2022-01-18,0.8198639744086588
403,3381,C004_2022-04-22,0.6996887757569893
404,3390,C004_2022-01-26,0.6083686770595712
405,3391,C004_2022-03-08,0.7885494086916501
406,3393,C004_2022-03-30,0.8755952947928994
407,3394,C004_2022-04-26,1.0
408,3397,C004_2022-01-17,0.7811044099145299
409,3399,C004_2022-01-25,0.7289182751762971
410,3400,C004_2022-02-15,0.776749774884944
411,3401,C004_2022-01-12,1.0
412,3402,C004_2022-02-08,0.5313178697612587
413,3405,C004_2022-02-16,0.5988223952945813
414,3406,C004_2022-04-19,0.6949925232727318
415,3413,C004_2022-04-28,0.7966092579618671
416,3417,C004_2022-01-21,0.6331417185798817
417,3418,C004_2022-01-13,0.9264989703090073
418,3421,C004_2022-01-14,0.7698606002030638
419,3426,C004_2022-03-07,0.7158032897355375
420,3430,C004_2022-01-31,0.9368514466666666
421,3432,C004_2022-01-24,0.8288957098583741
422,3434,C004_2022-04-06,0.7457096398762908
423,3435,C004_2022-03-22,0.6534873216831032
424,3437,C004_2022-04-25,0.45275612471373333
425,3439,C004_2022-03-17,0.6676450592359761
426,3449,C004_2022-02-14,0.7597005569884953
427,3453,C004_2022-01-20,0.8139792671794872
428,3454,C004_2022-03-14,0.363129234132974
429,3455,C004_2022-03-29,0.7908638584483892
430,3456,C004_2022-04-05,0.7679777398087438
431,3457,C004_2022-02-17,0.8187795574011926
432,3459,C004_2022-02-22,0.7243899911768574
433,3460,C004_2022-02-01,0.8444524838658777
434,3462,C004_2022-02-21,0.560210099315475
435,3463,C004_2022-02-11,0.9444853289283367
436,3464,C004_2022-01-27,0.6451813476037135
437,3465,C004_2022-04-12,0.7538018335700197
438,3466,C004_2022-03-28,1.0
439,3468,C004_2022-03-09,0.7343378641683103
440,3476,C004_2022-02-07,0.8397952449309666
441,3477,C004_2022-02-24,0.8505265021170283
442,3480,C004_2022-02-02,0.6953290483634635
443,3483,C004_2022-02-28,0.7435210723076923
444,3485,C004_2022-04-07,0.7515158331002877
445,3487,C004_2022-03-18,1.0
446,3489,C004_2022-02-23,0.7095469750635921
447,3490,C004_2022-04-21,0.6406871054462108
448,3491,C004_2022-02-04,0.7048064453926529
449,3492,C004_2022-03-15,1.0
450,3493,C004_2022-02-18,0.866412613320184
451,3494,C004_2022-01-28,0.6784456187097637
452,3496,C004_2022-03-21,0.7104432174009103
453,3499,C004_2022-02-10,0.23303869721019885
454,3500,C004_2022-02-25,0.7219531468639054
455,3502,C004_2022-03-23,0.6431715881999
456,3503,C004_2022-03-24,0.7417647236686391
457,3505,C004_2022-03-25,0.2691834410299377
458,3506,C004_2022-03-04,0.6653582777510889
459,3507,C004_2022-04-29,0.821131298921762
460,3508,C004_2022-03-03,0.8910256410256411
461,3509,C004_2022-03-02,0.6632408453536446
462,3510,C004_2022-02-03,0.6873063880443427
463,3512,C004_2022-04-08,0.15865940384794633
464,3514,C004_2022-03-10,0.8050385375452668
465,3515,C004_2022-04-11,0.9797520822222223
466,3516,C004_2022-04-14,0.727825090353542
467,3517,C004_2022-04-13,0.8355848732807364
468,3518,C004_2022-04-04,1.0
469,3519,C004_2022-03-31,0.09389817208760237
470,3520,C004_2022-04-20,0.6652006021977145
471,3521,C004_2022-04-01,0.7905710195792243
472,3524,C004_2022-03-11,0.8017753406969099
473,3529,C005_2022-02-04,0.939005439005439
474,3550,C005_2022-03-25,0.8622766122766122
475,3577,C005_2022-01-17,0.8527583527583528
476,3579,C005_2022-03-11,1.0
477,3581,C005_2022-02-28,0.8545066045066045
478,3587,C005_2022-01-10,0.8292540792540791
479,3590,C005_2022-01-18,0.8945221445221444
480,3591,C005_2022-02-02,0.8848096348096348
481,3594,C005_2022-02-18,0.8902486402486401
482,3595,C005_2022-02-03,0.9607614607614607
483,3596,C005_2022-02-25,0.8564491064491064
484,3602,C005_2022-01-07,0.7944832944832946
485,3608,C005_2022-01-14,0.8875291375291375
486,3611,C005_2022-03-17,0.8867521367521367
487,3615,C005_2022-03-28,0.8762626262626263
488,3618,C005_2022-01-25,0.8630536130536131
489,3619,C005_2022-01-28,1.0
490,3621,C005_2022-01-06,0.8135198135198136
491,3622,C005_2022-01-24,0.8397435897435898
492,3624,C005_2022-02-07,0.8374125874125874
493,3626,C005_2022-02-24,0.8613053613053614
494,3633,C005_2022-04-22,0.8976301476301476
495,3634,C005_2022-01-13,0.8731546231546231
496,3635,C005_2022-01-04,0.8457653457653458
497,3639,C005_2022-02-14,0.81993006993007
498,3640,C005_2022-01-20,0.9191919191919192
499,3641,C005_2022-01-05,0.7676767676767676
500,3643,C005_2022-02-09,0.8616938616938618
501,3650,C005_2022-01-31,0.8154623154623154
502,3652,C005_2022-01-03,0.8255633255633256
503,3655,C005_2022-02-08,0.8846153846153846
504,3656,C005_2022-01-26,0.8797591297591297
505,3657,C005_2022-02-10,0.8982128982128982
506,3661,C005_2022-03-18,0.8589743589743589
507,3664,C005_2022-04-01,0.9019036519036518
508,3665,C005_2022-04-28,0.9906759906759907
509,3666,C005_2022-01-19,0.8702408702408703
510,3667,C005_2022-04-21,0.8613053613053614
511,3669,C005_2022-04-05,0.8793706293706295
512,3671,C005_2022-01-21,0.862082362082362
513,3672,C005_2022-02-01,0.9195804195804196
514,3673,C005_2022-01-11,0.8209013209013208
515,3675,C005_2022-02-15,0.9127816627816627
516,3678,C005_2022-03-07,0.844988344988345
517,3681,C005_2022-03-23,0.8583916083916083
518,3682,C005_2022-03-08,0.8782051282051282
519,3683,C005_2022-04-27,0.8679098679098679
520,3684,C005_2022-04-26,0.8869463869463869
521,3685,C005_2022-04-29,0.884032634032634
522,3687,C005_2022-03-10,0.7962315462315462
523,3688,C005_2022-04-07,0.8541181041181041
524,3689,C005_2022-02-16,0.8859751359751359
525,3691,C005_2022-02-21,0.8679098679098679
526,3695,C005_2022-03-16,0.8828671328671329
527,3698,C005_2022-03-14,0.837024087024087
528,3699,C005_2022-03-22,0.8675213675213675
529,3700,C005_2022-04-08,0.8494560994560995
530,3701,C005_2022-04-11,0.8976301476301476
531,3702,C005_2022-02-23,0.8609168609168609
532,3703,C005_2022-03-29,0.9017094017094017
533,3704,C005_2022-04-13,0.8762626262626263
534,3705,C005_2022-02-22,0.8966588966588965
535,3706,C005_2022-03-02,0.8671328671328671
536,3707,C005_2022-04-04,0.858003108003108
537,3708,C005_2022-03-15,0.8972416472416472
538,3709,C005_2022-01-12,0.8642191142191141
539,3712,C005_2022-04-25,0.8486790986790987
540,3713,C005_2022-03-24,0.9419191919191919
541,3714,C005_2022-02-11,0.8578088578088577
542,3715,C005_2022-03-30,0.947940947940948
543,3716,C005_2022-03-31,0.8793706293706295
544,3717,C005_2022-04-19,0.8838383838383838
545,3718,C005_2022-03-01,0.8937451437451438
546,3719,C005_2022-03-03,1.0
547,3720,C005_2022-04-12,0.8910256410256411
548,3722,C005_2022-02-17,0.9786324786324787
549,3723,C005_2022-03-21,0.8331390831390831
550,3724,C005_2022-04-06,0.8908313908313908
551,3725,C005_2022-04-14,0.8993783993783994
552,3726,C005_2022-03-09,0.8772338772338774
553,3727,C005_2022-04-20,0.8867521367521367
554,3784,C007_2022-02-04,0.8044243338360985
555,3828,C007_2022-01-28,0.8149824032176974
556,3838,C007_2022-02-11,0.7963800904977375
557,3849,C007_2022-02-07,0.7963800904977375
558,3861,C007_2022-01-19,0.807440925087984
559,3863,C007_2022-02-02,0.8431372549019608
560,3875,C007_2022-01-21,0.815485168426345
561,3880,C007_2022-01-17,1.0
562,3892,C007_2022-02-03,0.8687782805429864
563,3895,C007_2022-02-08,0.7998994469582704
564,3897,C007_2022-01-20,0.9039718451483157
565,3906,C007_2022-01-18,0.8240321769733535
566,3907,C007_2022-01-27,0.8677727501256913
567,3909,C007_2022-01-25,0.7963800904977375
568,3922,C007_2022-01-24,0.8285570638511816
569,3924,C007_2022-02-09,0.7988939165409753
570,3925,C007_2022-01-31,0.7732528908999496
571,3928,C007_2022-02-10,0.8049270990447462
572,3929,C007_2022-01-26,0.8416289592760181
573,3937,C007_2022-02-01,0.823529411764706
574,4014,C009_2022-02-25,1.0
575,4036,C009_2022-03-19,0.7606961566352429
576,4058,C009_2022-03-26,0.7851099830795262
577,4076,C009_2022-04-23,0.7783417935702199
578,4080,C009_2022-04-30,0.7568286197727822
579,4083,C009_2022-03-12,0.7399081459995166
580,4086,C009_2022-04-02,0.7843848199178148
581,4139,C009_2022-02-28,0.7635968092820885
582,4140,C009_2022-04-29,0.8851824993956973
583,4147,C009_2022-03-18,0.7635968092820885
584,4150,C009_2022-04-08,0.7548948513415518
585,4151,C009_2022-03-05,0.7645636934977036
586,4154,C009_2022-04-01,0.767706067198453
587,4157,C009_2022-04-09,0.7519941986947063
588,4164,C009_2022-03-01,0.7732656514382402
589,4167,C009_2022-03-17,0.7805172830553541
590,4175,C009_2022-04-22,0.7577955039883975
591,4183,C009_2022-03-11,0.7693981145757794
592,4186,C009_2022-04-07,0.7633550882281847
593,4195,C009_2022-04-05,0.7768914672467971
594,4206,C009_2022-03-03,0.7706067198452985
595,4215,C009_2022-03-23,0.7614213197969543
596,4218,C009_2022-03-02,0.7517524776408026
597,4221,C009_2022-04-15,0.8046893884457337
598,4235,C009_2022-03-24,0.7800338409475466
599,4243,C009_2022-03-30,0.79236161469664
600,4247,C009_2022-03-29,0.7730239303843365
601,4248,C009_2022-03-25,0.7863185883490452
602,4253,C009_2022-04-26,0.7616630408508581
603,4256,C009_2022-03-31,0.7904278462654096
604,4259,C009_2022-04-21,0.7962291515591008
605,4260,C009_2022-04-06,0.7836596567561035
606,4264,C009_2022-04-12,0.7718153251148175
607,4266,C009_2022-03-08,0.7505438723712835
608,4267,C009_2022-04-27,0.7696398356296834
609,4269,C009_2022-03-04,0.8029973410684071
610,4271,C009_2022-03-16,0.7826927725404883
611,4273,C009_2022-03-10,0.7737490935460478
612,4275,C009_2022-03-22,0.7498187092095722
613,4279,C009_2022-04-13,0.7703649987913948
614,4280,C009_2022-04-14,0.7594875513657239
615,4281,C009_2022-03-09,0.7628716461203772
616,4282,C009_2022-04-20,0.8049311094996373
617,4283,C009_2022-03-15,0.8013052936910805
618,4324,C012_2022-03-25,0.713520749665328
619,4365,C012_2022-02-04,0.7991967871485944
620,4400,C012_2022-01-14,0.7697456492637217
621,4410,C012_2022-03-04,0.9330655957161982
622,4444,C012_2022-02-18,0.821954484605087
623,4452,C012_2022-01-07,0.8192771084337349
624,4502,C012_2022-04-08,0.8099062918340026
625,4521,C012_2022-01-28,0.8179384203480589
626,4557,C012_2022-02-07,0.8393574297188756
627,4558,C012_2022-04-29,0.8380187416331996
628,4565,C012_2022-04-14,0.7523427041499331
629,4586,C012_2022-02-11,0.8821954484605087
630,4593,C012_2022-01-21,0.8661311914323963
631,4603,C012_2022-03-02,0.8728246318607765
632,4616,C012_2022-02-09,1.0
633,4620,C012_2022-01-17,0.8755020080321284
634,4623,C012_2022-04-25,0.9089692101740295
635,4625,C012_2022-01-27,0.8420348058902275
636,4635,C012_2022-03-08,1.0
637,4640,C012_2022-04-21,0.7576974564926372
638,4643,C012_2022-01-13,0.7630522088353414
639,4651,C012_2022-01-25,0.9585006693440429
640,4660,C012_2022-04-04,1.0
641,4662,C012_2022-02-22,0.7951807228915663
642,4664,C012_2022-02-15,0.9518072289156626
643,4665,C012_2022-03-10,0.7938420348058903
644,4666,C012_2022-01-12,0.7429718875502008
645,4667,C012_2022-01-31,0.8393574297188756
646,4672,C012_2022-04-27,0.8112449799196787
647,4674,C012_2022-02-23,0.751004016064257
648,4676,C012_2022-03-11,0.8728246318607765
649,4680,C012_2022-02-21,0.9745649263721553
650,4685,C012_2022-03-03,0.7991967871485944
651,4686,C012_2022-03-24,0.8795180722891566
652,4687,C012_2022-02-01,0.821954484605087
653,4689,C012_2022-02-08,0.8594377510040161
654,4690,C012_2022-03-07,0.7965194109772423
655,4694,C012_2022-02-28,0.7925033467202143
656,4695,C012_2022-03-14,0.8781793842034805
657,4696,C012_2022-01-04,0.6031161260994488
658,4697,C012_2022-03-28,0.8246318607764391
659,4698,C012_2022-01-24,0.92904953145917
660,4703,C012_2022-01-20,0.7817938420348058
661,4704,C012_2022-01-10,0.785809906291834
662,4706,C012_2022-03-01,0.9022757697456493
663,4707,C012_2022-04-12,0.8514056224899598
664,4708,C012_2022-03-17,0.9785809906291835
665,4710,C012_2022-02-10,0.9303882195448461
666,4712,C012_2022-01-11,0.9464524765729584
667,4714,C012_2022-03-30,0.9303882195448461
668,4715,C012_2022-01-26,0.7751004016064257
669,4717,C012_2022-03-09,0.8982597054886211
670,4718,C012_2022-02-16,0.7563587684069611
671,4720,C012_2022-04-28,0.8514056224899598
672,4721,C012_2022-02-14,0.8299866131191432
673,4722,C012_2022-04-05,0.9518072289156626
674,4725,C012_2022-04-20,0.8835341365461847
675,4726,C012_2022-04-11,0.9076305220883535
676,4727,C012_2022-04-13,0.7751004016064257
677,4729,C012_2022-03-22,0.7309236947791163
678,4730,C012_2022-03-29,0.8232931726907631
679,4731,C012_2022-04-01,0.7590361445783133
680,4732,C012_2022-03-15,0.8246318607764391
681,4733,C012_2022-04-19,0.9022757697456493
682,4735,C012_2022-04-07,0.9946452476572958
683,4736,C012_2022-03-21,0.9745649263721553
684,4737,C012_2022-04-26,0.8072289156626505
685,4738,C012_2022-01-03,0.8085676037483266
686,4770,C017_2022-02-19,0.8246376811594202
687,4780,C017_2022-03-25,0.8188405797101449
688,4817,C017_2022-02-15,0.8601449275362318
689,4819,C017_2022-03-12,0.7688405797101449
690,4822,C017_2022-04-08,0.7818840579710145
691,4825,C017_2022-03-11,0.8123188405797102
692,4828,C017_2022-02-23,0.8101449275362319
693,4831,C017_2022-02-04,0.8485507246376812
694,4834,C017_2022-02-25,0.9057971014492754
695,4837,C017_2022-04-09,0.7927536231884057
696,4844,C017_2022-03-07,0.841304347826087
697,4847,C017_2022-02-28,0.9246376811594202
698,4848,C017_2022-01-19,0.8094202898550725
699,4857,C017_2022-03-17,0.772463768115942
700,4859,C017_2022-04-29,0.7956521739130435
701,4867,C017_2022-04-05,0.7731884057971015
702,4872,C017_2022-03-08,0.8028985507246377
703,4876,C017_2022-03-01,0.7007246376811594
704,4879,C017_2022-02-22,0.7050724637681159
705,4881,C017_2022-02-21,0.9282608695652174
706,4883,C017_2022-03-18,0.8014492753623189
707,4887,C017_2022-04-22,0.7630434782608696
708,4888,C017_2022-04-01,0.9833333333333334
709,4892,C017_2022-02-11,0.8028985507246377
710,4898,C017_2022-03-03,0.7760869565217391
711,4900,C017_2022-04-18,0.8028985507246377
712,4901,C017_2022-03-28,0.7826086956521738
713,4904,C017_2022-03-02,0.7702898550724638
714,4908,C017_2022-02-17,0.8652173913043478
715,4919,C017_2022-04-28,0.8144927536231884
716,4920,C017_2022-04-07,0.7210144927536232
717,4925,C017_2022-03-04,0.7804347826086957
718,4927,C017_2022-02-10,0.7999999999999999
719,4930,C017_2022-02-07,0.7717391304347826
720,4931,C017_2022-03-24,0.7869565217391304
721,4932,C017_2022-04-06,0.7739130434782608
722,4933,C017_2022-04-21,0.8065217391304348
723,4934,C017_2022-03-15,0.7992753623188406
724,4936,C017_2022-03-14,0.8086956521739129
725,4937,C017_2022-04-04,0.8753623188405797
726,4938,C017_2022-04-25,0.8217391304347826
727,4940,C017_2022-04-12,0.9014492753623188
728,4941,C017_2022-03-16,0.7347826086956522
729,4942,C017_2022-04-26,0.7876811594202898
730,4943,C017_2022-02-16,0.7391304347826088
731,4944,C017_2022-01-25,0.7391304347826088
732,4947,C017_2022-03-30,0.6869565217391305
733,4948,C017_2022-01-31,0.8282608695652174
734,4949,C017_2022-04-27,0.7173913043478262
735,4950,C017_2022-04-20,0.8644927536231884
736,4951,C017_2022-01-17,0.8557971014492755
737,4953,C017_2022-03-23,0.744927536231884
738,4955,C017_2022-02-05,0.7181159420289855
739,4957,C017_2022-03-10,0.8695652173913043
740,4958,C017_2022-03-21,0.8079710144927535
741,4960,C017_2022-04-13,0.8188405797101449
742,4961,C017_2022-01-28,0.831159420289855
743,4964,C017_2022-03-22,0.8420289855072464
744,4965,C017_2022-01-21,0.7818840579710145
745,4966,C017_2022-01-18,0.7485507246376812
746,4968,C017_2022-03-29,0.7971014492753623
747,4970,C017_2022-01-24,0.8094202898550725
748,4971,C017_2022-01-26,0.8717391304347827
749,4973,C017_2022-01-27,0.7920289855072463
750,4974,C017_2022-02-09,0.7760869565217391
751,4975,C017_2022-04-19,0.7181159420289855
752,4977,C017_2022-02-01,0.7833333333333333
753,4978,C017_2022-02-02,0.8478260869565218
754,4979,C017_2022-01-14,1.0
755,4980,C017_2022-02-08,0.9536231884057971
756,4981,C017_2022-01-20,0.7528985507246376
757,4992,C019_2022-02-25,0.7297777777777777
758,5013,C019_2022-01-07,1.0
759,5047,C019_2022-03-18,0.7955555555555556
760,5053,C019_2022-02-18,0.8168888888888889
761,5054,C019_2022-04-15,0.7485656948996607
762,5062,C019_2022-01-28,0.7795555555555556
763,5111,C019_2022-04-08,0.7262222222222222
764,5114,C019_2022-03-13,0.7582222222222222
765,5118,C019_2022-04-29,0.7592723055986813
766,5122,C019_2022-02-11,0.7422222222222222
767,5137,C019_2022-01-23,0.7493333333333334
768,5142,C019_2022-02-28,0.8008888888888889
769,5143,C019_2022-03-21,0.783111111111111
770,5173,C019_2022-02-15,0.8684444444444445
771,5175,C019_2022-04-26,0.14981757959782152
772,5183,C019_2022-02-07,0.1559614787182387
773,5184,C019_2022-04-25,0.7626666666666667
774,5185,C019_2022-04-22,0.6404970700156896
775,5186,C019_2022-02-17,0.8382222222222223
776,5196,C019_2022-01-25,0.8133333333333334
777,5204,C019_2022-01-13,0.7239388572633354
778,5205,C019_2022-02-21,0.7973333333333333
779,5212,C019_2022-04-21,0.5892702834799609
780,5225,C019_2022-02-23,0.6020456174649723
781,5228,C019_2022-01-10,0.00864404081932545
782,5231,C019_2022-01-14,0.6506396028597168
783,5233,C019_2022-01-12,0.7564444444444445
784,5234,C019_2022-02-08,0.864
785,5235,C019_2022-01-19,0.6646848369846472
786,5239,C019_2022-04-01,0.7653333333333334
787,5242,C019_2022-03-04,0.5239143957762317
788,5243,C019_2022-02-24,0.4320179498974565
789,5248,C019_2022-04-28,0.8648888888888889
790,5249,C019_2022-01-18,0.8062222222222223
791,5257,C019_2022-03-01,0.029561856764537032
792,5258,C019_2022-03-28,0.7546666666666667
793,5259,C019_2022-03-02,0.7422222222222222
794,5263,C019_2022-01-20,0.6323448910355931
795,5268,C019_2022-02-03,0.7100377126738607
796,5272,C019_2022-03-29,0.9084444444444445
797,5273,C019_2022-03-31,0.7208888888888888
798,5281,C019_2022-02-04,0.775111111111111
799,5282,C019_2022-01-27,0.42864274818757736
800,5284,C019_2022-02-09,0.6807020155243592
801,5287,C019_2022-03-08,0.8915555555555555
802,5294,C019_2022-03-03,0.7342222222222222
803,5296,C019_2022-04-04,0.8026666666666666
804,5297,C019_2022-02-10,0.7555555555555555
805,5298,C019_2022-02-02,0.7386666666666667
806,5302,C019_2022-04-14,0.7671111111111112
807,5303,C019_2022-04-07,0.7404444444444445
808,5308,C019_2022-01-11,0.8186666666666667
809,5309,C019_2022-03-24,0.7973333333333333
810,5311,C019_2022-01-26,0.7111111111111111
811,5313,C019_2022-04-05,0.21215141840379034
812,5315,C019_2022-04-06,0.7804444444444444
813,5317,C019_2022-03-30,0.7208888888888888
814,5318,C019_2022-04-20,0.26831707777604363
815,5319,C019_2022-03-14,0.9271111111111111
816,5320,C019_2022-03-17,0.6806352711172446
817,5321,C019_2022-04-11,0.7386666666666667
818,5323,C019_2022-02-01,0.8542222222222223
819,5324,C019_2022-03-09,0.7724444444444445
820,5326,C019_2022-03-16,0.7697777777777778
821,5332,C019_2022-04-13,0.783111111111111
822,5333,C019_2022-04-19,0.8106666666666666
823,5343,C021_2022-04-29,0.852195423623995
824,5361,C021_2022-02-11,1.0
825,5370,C021_2022-03-11,0.6720685868681273
826,5373,C021_2022-02-18,0.7117326875319722
827,5401,C021_2022-03-25,0.6825503369614979
828,5414,C021_2022-03-04,0.7848011355772329
829,5416,C021_2022-04-08,0.6615841101369406
830,5435,C021_2022-04-22,0.8515769944341374
831,5438,C021_2022-04-21,0.6969564748932952
832,5443,C021_2022-02-16,0.7724100301543259
833,5444,C021_2022-04-01,0.7236212884994563
834,5446,C021_2022-03-10,0.7695302499280774
835,5447,C021_2022-03-18,0.7072771100464871
836,5464,C021_2022-03-03,0.8266630776843518
837,5465,C021_2022-03-31,0.8555967841682127
838,5466,C021_2022-03-17,0.7860456928245548
839,5471,C021_2022-04-11,0.6854542162298864
840,5482,C021_2022-02-15,0.7296480383434627
841,5483,C021_2022-04-28,0.7751725682996531
842,5492,C021_2022-04-19,0.8259121830550402
843,5498,C021_2022-03-23,0.7959612379786143
844,5501,C021_2022-02-24,0.8090496405713555
845,5504,C021_2022-04-14,0.7939540478900428
846,5505,C021_2022-03-01,0.9669140383426097
847,5507,C021_2022-03-29,0.7977659591747165
848,5510,C021_2022-02-14,0.6992140777092425
849,5511,C021_2022-02-28,1.0
850,5515,C021_2022-04-04,0.7692644184317672
851,5516,C021_2022-04-25,0.7604605887483057
852,5518,C021_2022-03-28,0.7380933341626177
853,5521,C021_2022-02-17,0.8583797155225726
854,5522,C021_2022-04-27,0.7053220987394909
855,5523,C021_2022-03-24,0.8549783549783551
856,5524,C021_2022-04-07,0.7293069014720345
857,5526,C021_2022-03-16,0.704620364371447
858,5529,C021_2022-04-06,0.7512317704812131
859,5530,C021_2022-02-21,0.6809686785022174
860,5531,C021_2022-03-30,0.7380764564016561
861,5532,C021_2022-04-13,0.81963889552032
862,5533,C021_2022-03-02,0.8056965248432045
863,5534,C021_2022-03-22,0.6521318884881899
864,5535,C021_2022-04-05,0.8188030137630428
865,5536,C021_2022-04-20,0.7421892506959118
866,5537,C021_2022-03-07,0.7285170267305271
867,5538,C021_2022-03-21,0.6237332584509694
868,5539,C021_2022-03-08,0.7741875368985065
869,5541,C021_2022-04-12,0.7829440292122564
870,5542,C021_2022-03-09,0.684712766157388
871,5543,C021_2022-03-14,0.7146524705711457
872,5544,C021_2022-04-26,0.734649398544938
873,5545,C021_2022-02-23,0.6778199319539002
874,5546,C021_2022-03-15,0.7107467949714538
875,5577,C025_2022-03-04,1.0
876,5597,C025_2022-03-18,1.0
877,5623,C025_2022-02-15,0.9505494505494506
878,5624,C025_2022-01-14,0.9652014652014652
879,5638,C025_2022-01-07,1.0
880,5646,C025_2022-03-25,1.0
881,5648,C025_2022-02-18,1.0
882,5649,C025_2022-01-28,1.0
883,5652,C025_2022-02-25,0.9652014652014652
884,5655,C025_2022-02-21,0.9175824175824175
885,5658,C025_2022-01-06,1.0
886,5660,C025_2022-04-08,0.923076923076923
887,5666,C025_2022-02-23,0.9212454212454212
888,5667,C025_2022-02-10,1.0
889,5669,C025_2022-03-10,0.9523809523809524
890,5673,C025_2022-04-21,1.0
891,5676,C025_2022-03-03,1.0
892,5678,C025_2022-03-31,1.0
893,5680,C025_2022-03-02,0.8772893772893773
894,5682,C025_2022-02-11,0.9249084249084248
895,5683,C025_2022-02-04,1.0
896,5687,C025_2022-03-23,0.9725274725274725
897,5690,C025_2022-04-29,0.9047619047619048
898,5692,C025_2022-04-14,0.9358974358974358
899,5695,C025_2022-04-22,0.9981684981684982
900,5696,C025_2022-03-08,1.0
901,5698,C025_2022-03-07,0.9084249084249084
902,5699,C025_2022-02-22,0.9102564102564102
903,5703,C025_2022-03-11,1.0
904,5705,C025_2022-04-27,0.9560439560439561
905,5707,C025_2022-03-24,0.8827838827838828
906,5709,C025_2022-01-21,0.9652014652014652
907,5710,C025_2022-04-06,0.8864468864468864
908,5712,C025_2022-02-24,0.934065934065934
909,5714,C025_2022-02-17,1.0
910,5716,C025_2022-02-07,0.9139194139194139
911,5719,C025_2022-03-29,0.9157509157509157
912,5724,C025_2022-03-09,0.8882783882783882
913,5730,C025_2022-03-01,1.0
914,5731,C025_2022-02-16,1.0
915,5733,C025_2022-02-14,1.0
916,5735,C025_2022-03-17,1.0
917,5737,C025_2022-03-16,1.0
918,5739,C025_2022-03-30,0.9249084249084248
919,5740,C025_2022-03-21,1.0
920,5741,C025_2022-01-27,0.9304029304029303
921,5752,C025_2022-04-25,0.8772893772893773
922,5753,C025_2022-03-28,0.9560439560439561
923,5756,C025_2022-01-20,0.8534798534798534
924,5762,C025_2022-01-12,0.8644688644688645
925,5763,C025_2022-02-28,0.9065934065934066
926,5765,C025_2022-02-02,0.967032967032967
927,5766,C025_2022-01-13,0.9194139194139194
928,5768,C025_2022-04-13,0.9139194139194139
929,5769,C025_2022-03-22,1.0
930,5771,C025_2022-04-05,0.9322344322344321
931,5772,C025_2022-01-26,0.8388278388278388
932,5775,C025_2022-04-28,0.9175824175824175
933,5776,C025_2022-04-01,1.0
934,5778,C025_2022-01-18,0.9084249084249084
935,5780,C025_2022-02-01,0.9780219780219781
936,5781,C025_2022-02-08,1.0
937,5783,C025_2022-04-04,0.9542124542124543
938,5784,C025_2022-04-19,1.0
939,5786,C025_2022-01-24,0.9652014652014652
940,5787,C025_2022-04-11,1.0
941,5788,C025_2022-04-07,0.9084249084249084
942,5792,C025_2022-01-19,0.8351648351648352
943,5793,C025_2022-02-03,1.0
944,5795,C025_2022-01-17,0.8589743589743589
945,5798,C025_2022-04-12,0.8956043956043956
946,5799,C025_2022-01-05,0.09563350900647288
947,5800,C025_2022-01-25,0.9157509157509157
948,5802,C025_2022-01-31,0.9945054945054945
949,5803,C025_2022-01-11,0.8003663003663003
950,5804,C025_2022-04-20,1.0
951,5805,C025_2022-02-09,0.8846153846153846
952,5808,C025_2022-04-26,0.9194139194139194
953,5809,C025_2022-01-04,0.8589743589743589
954,5810,C025_2022-01-10,1.0
955,5825,C026_2022-03-11,0.800705467372134
956,5883,C026_2022-04-29,0.8395061728395062
957,5890,C026_2022-04-01,0.8447971781305115
958,5908,C026_2022-01-21,0.8395061728395062
959,5927,C026_2022-04-22,0.7883597883597884
960,5971,C026_2022-02-11,0.8359788359788359
961,5981,C026_2022-03-04,0.8430335097001764
962,5982,C026_2022-03-25,0.8289241622574955
963,6005,C026_2022-04-21,0.8395061728395062
964,6038,C026_2022-01-07,0.8500881834215167
965,6063,C026_2022-02-04,0.855379188712522
966,6070,C026_2022-01-13,0.8077601410934744
967,6073,C026_2022-01-28,0.8624338624338624
968,6074,C026_2022-02-18,0.8306878306878307
969,6077,C026_2022-02-14,0.7971781305114639
970,6096,C026_2022-02-25,0.8765432098765432
971,6105,C026_2022-02-03,0.8941798941798943
972,6106,C026_2022-02-24,0.8659611992945327
973,6111,C026_2022-02-22,0.8430335097001764
974,6113,C026_2022-03-17,0.8465608465608465
975,6120,C026_2022-01-20,0.8430335097001764
976,6131,C026_2022-01-24,0.873015873015873
977,6139,C026_2022-04-11,0.7724867724867724
978,6143,C026_2022-02-28,0.871252204585538
979,6146,C026_2022-04-07,0.8130511463844797
980,6151,C026_2022-01-05,0.8112874779541447
981,6152,C026_2022-01-26,0.8694885361552028
982,6158,C026_2022-02-17,0.8694885361552028
983,6159,C026_2022-02-10,0.8377425044091712
984,6160,C026_2022-03-03,0.982363315696649
985,6164,C026_2022-01-03,0.8659611992945327
986,6175,C026_2022-02-16,0.8447971781305115
987,6178,C026_2022-04-13,0.8818342151675486
988,6181,C026_2022-01-04,0.7901234567901234
989,6183,C026_2022-04-28,0.8571428571428571
990,6187,C026_2022-03-18,0.8059964726631392
991,6190,C026_2022-02-23,0.8306878306878307
992,6200,C026_2022-02-21,0.7865961199294533
993,6205,C026_2022-03-01,0.8077601410934744
994,6208,C026_2022-04-04,0.8271604938271605
995,6212,C026_2022-01-10,0.8342151675485009
996,6218,C026_2022-03-24,0.8959435626102293
997,6219,C026_2022-03-21,0.8888888888888888
998,6221,C026_2022-03-07,0.8571428571428571
999,6222,C026_2022-01-11,0.8289241622574955
1000,6229,C026_2022-03-31,0.9082892416225748
1001,6230,C026_2022-01-17,1.0
1002,6238,C026_2022-01-12,0.7777777777777777
1003,6239,C026_2022-02-01,0.8465608465608465
1004,6243,C026_2022-01-27,0.9347442680776014
1005,6244,C026_2022-04-27,0.8677248677248678
1006,6245,C026_2022-04-06,0.818342151675485
1007,6246,C026_2022-01-18,0.8518518518518517
1008,6250,C026_2022-03-30,0.8606701940035273
1009,6251,C026_2022-04-08,0.8306878306878307
1010,6252,C026_2022-03-10,0.8888888888888888
1011,6253,C026_2022-04-12,0.8641975308641975
1012,6254,C026_2022-04-05,0.8765432098765432
1013,6255,C026_2022-03-09,0.8059964726631392
1014,6260,C026_2022-02-09,0.8306878306878307
1015,6262,C026_2022-03-16,0.8412698412698413
1016,6264,C026_2022-03-23,0.8130511463844797
1017,6265,C026_2022-03-14,0.871252204585538
1018,6266,C026_2022-03-22,0.7760141093474426
1019,6268,C026_2022-02-15,0.8148148148148149
1020,6269,C026_2022-01-19,0.8624338624338624
1021,6270,C026_2022-03-28,0.9047619047619048
1022,6271,C026_2022-02-07,0.8342151675485009
1023,6272,C026_2022-03-29,0.7883597883597884
1024,6273,C026_2022-03-08,0.8042328042328042
1025,6275,C026_2022-01-31,0.8888888888888888
1026,6276,C026_2022-04-19,0.8324514991181657
1027,6277,C026_2022-01-25,0.855379188712522
1028,6278,C026_2022-04-14,0.8941798941798943
1029,6279,C026_2022-03-15,0.8447971781305115
1030,6281,C026_2022-04-25,0.8765432098765432
1031,6283,C026_2022-02-02,0.8624338624338624
1032,6285,C026_2022-02-08,0.8042328042328042
1033,6286,C026_2022-04-20,0.8430335097001764
1034,6287,C026_2022-04-26,0.7513227513227513
1035,6292,C031_2022-04-08,0.8867030965391621
1036,6298,C031_2022-04-29,1.0
1037,6365,C031_2022-04-15,0.8852459016393442
1038,6368,C031_2022-04-01,0.7938069216757743
1039,6371,C031_2022-04-22,0.8112932604735884
1040,6422,C031_2022-03-25,0.7712204007285974
1041,6424,C031_2022-04-07,0.8251366120218578
1042,6427,C031_2022-03-23,0.9398907103825137
1043,6435,C031_2022-04-28,0.9570127504553735
1044,6436,C031_2022-03-21,1.0
1045,6439,C031_2022-04-05,1.0
1046,6445,C031_2022-03-28,0.9690346083788707
1047,6450,C031_2022-03-31,1.0
1048,6451,C031_2022-03-29,0.9785063752276867
1049,6455,C031_2022-03-24,0.8633879781420765
1050,6456,C031_2022-04-13,1.0
1051,6460,C031_2022-04-19,1.0
1052,6461,C031_2022-04-21,1.0
1053,6464,C031_2022-04-06,1.0
1054,6465,C031_2022-04-14,1.0
1055,6466,C031_2022-04-12,0.8156648451730418
1056,6467,C031_2022-04-04,1.0
1057,6468,C031_2022-04-11,0.7442622950819672
1058,6472,C031_2022-03-30,1.0
1059,6473,C031_2022-04-20,0.9566484517304189
1060,6474,C031_2022-04-27,1.0
1061,6477,C031_2022-04-26,0.8400728597449909
1062,6478,C031_2022-03-22,0.9941712204007286
1063,6482,C032_2022-03-25,0.6466809769117742
1064,6487,C032_2022-04-22,0.598970400600241
1065,6500,C032_2022-04-07,0.7324100830435519
1066,6548,C032_2022-04-01,0.6769009096729585
1067,6550,C032_2022-04-29,0.8428328187989322
1068,6556,C032_2022-04-25,0.8414323998606159
1069,6558,C032_2022-03-24,1.0
1070,6564,C032_2022-04-13,0.8751404637225951
1071,6577,C032_2022-04-08,0.8962297571258985
1072,6583,C032_2022-04-04,0.8617646164858349
1073,6598,C032_2022-04-11,0.61059292604855
1074,6610,C032_2022-03-31,0.7521752352970327
1075,6611,C032_2022-04-21,0.6251178384442697
1076,6614,C032_2022-03-30,0.6991720540691694
1077,6624,C032_2022-04-12,0.863176922003674
1078,6626,C032_2022-04-06,0.8506600207808949
1079,6627,C032_2022-04-27,0.5141415321069401
1080,6628,C032_2022-04-19,0.5196556144998896
1081,6629,C032_2022-03-28,0.4056486440237246
1082,6630,C032_2022-04-05,0.7994286602353405
1083,6641,C032_2022-04-20,0.8433843963184419
1084,6643,C032_2022-03-29,0.7047412404044268
1085,6648,C032_2022-04-18,0.7901420670961864
1086,6651,C032_2022-04-28,0.57025843614836
1087,6655,C032_2022-04-26,0.6065026374814421
1088,6750,C034_2022-02-21,0.9484724122207022
1089,6760,C034_2022-04-27,0.4810846063735636
1090,6774,C034_2022-03-17,0.44862268103471553
1091,6788,C034_2022-04-26,1.0
1092,6812,C034_2022-03-08,0.9544003647970816
1093,6817,C034_2022-04-06,0.811785477639118
1094,6822,C034_2022-03-09,1.0
1095,6831,C034_2022-02-16,1.0
1096,6835,C034_2022-03-23,1.0
1097,6838,C034_2022-03-21,1.0
1098,6845,C034_2022-03-16,0.915640674874601
1099,6847,C034_2022-03-24,0.9050738660369491
1100,6849,C034_2022-04-14,0.9872321021431828
1101,6854,C034_2022-03-15,1.0
1102,6856,C034_2022-04-12,0.7406764337104175
1103,6860,C034_2022-02-23,1.0
1104,6867,C034_2022-03-29,1.0
1105,6868,C034_2022-04-29,0.9936160510715913
1106,6874,C034_2022-03-14,0.9553812322866992
1107,6879,C034_2022-02-22,0.8458480455860063
1108,6880,C034_2022-03-07,1.0
1109,6881,C034_2022-04-20,1.0
1110,6882,C034_2022-04-13,1.0
1111,6884,C034_2022-04-05,0.8398898002492524
1112,6885,C034_2022-04-21,0.7574482372941214
1113,6887,C034_2022-03-30,1.0
1114,6888,C034_2022-03-25,0.8996808025535795
1115,6892,C034_2022-03-01,0.9566803465572274
1116,6896,C034_2022-03-31,0.8569647531363751
1117,6899,C034_2022-04-04,1.0
1118,6902,C034_2022-03-03,1.0
1119,6908,C034_2022-04-11,0.7966407301142695
1120,6909,C034_2022-03-22,1.0
1121,6910,C034_2022-02-25,0.7819847002262041
1122,6912,C034_2022-02-17,0.9977200182398541
1123,6913,C034_2022-04-08,1.0
1124,6914,C034_2022-04-25,0.7650959792328607
1125,6917,C034_2022-03-28,0.9717282261741906
1126,6920,C034_2022-04-01,1.0
1127,6924,C034_2022-04-19,0.927987282173646
1128,6927,C034_2022-02-28,1.0
1129,6928,C034_2022-04-07,1.0
1130,6930,C034_2022-02-24,0.8015005497440443
1131,6932,C034_2022-02-18,1.0
1132,6933,C034_2022-04-15,0.9822161422708618
1133,6934,C034_2022-03-02,1.0
1134,6935,C034_2022-03-18,1.0
1135,6938,C034_2022-03-04,0.9639762881896945
1136,6939,C034_2022-04-22,0.8546411884014263
1137,6940,C034_2022-03-10,1.0
1138,6941,C034_2022-03-11,1.0
1139,6942,C034_2022-04-28,1.0
1140,6947,C035_2022-04-13,0.6359281326007326
1141,6949,C035_2022-04-20,0.6353975463869465
1142,6951,C035_2022-04-25,0.6018283378621379
1143,6953,C035_2022-04-21,0.691117354978355
1144,6956,C035_2022-04-28,0.6759739707625707
1145,6957,C035_2022-04-08,0.6287207819513819
1146,6958,C035_2022-04-29,0.7534599474525474
1147,6959,C035_2022-04-19,0.08678224635734637
1148,6964,C035_2022-04-22,0.7186619323343324
1149,6966,C035_2022-04-07,0.6533027202131202
1150,6968,C035_2022-04-15,0.5296684321271322
1151,6969,C035_2022-04-12,0.6454934957042957
1152,6974,C035_2022-04-26,0.6822320721278721
1153,6975,C035_2022-04-06,1.0
1154,6976,C035_2022-04-27,0.6845206779220779
1155,6978,C035_2022-04-14,0.5901338120546121
1156,6979,C035_2022-04-11,0.6341507733599734
1157,6987,C037_2022-03-31,0.47455611667789
1158,6989,C037_2022-02-16,0.4949707710368643
1159,6990,C037_2022-03-11,0.5048760595907796
1160,6995,C037_2022-02-17,0.4999677202935336
1161,6996,C037_2022-03-03,0.5001964059846327
1162,7005,C037_2022-02-22,0.5133150182888716
1163,7006,C037_2022-03-23,0.5332833456617457
1164,7008,C037_2022-03-24,0.486697077292584
1165,7009,C037_2022-03-10,0.5503865095881896
1166,7010,C037_2022-03-07,0.5801968274402141
1167,7015,C037_2022-04-29,0.6806141975135974
1168,7016,C037_2022-04-27,0.5230210822446689
1169,7017,C037_2022-04-06,0.4969412201156868
1170,7020,C037_2022-04-01,0.5540686134645602
1171,7022,C037_2022-04-05,0.566203844717258
1172,7023,C037_2022-03-04,0.5161572573530173
1173,7024,C037_2022-02-23,0.47330663118017785
1174,7025,C037_2022-02-25,0.5246643108382975
1175,7026,C037_2022-04-22,0.4966137922092722
1176,7027,C037_2022-02-18,0.48180854982646987
1177,7030,C037_2022-03-28,0.531536784680998
1178,7031,C037_2022-04-12,0.506817108997669
1179,7032,C037_2022-04-25,0.5120184924941725
1180,7033,C037_2022-02-28,0.48373373542950876
1181,7034,C037_2022-04-04,0.659631363629457
1182,7035,C037_2022-03-14,0.5275154400863334
1183,7036,C037_2022-03-15,0.5530511244789779
1184,7037,C037_2022-03-18,0.5189207091427092
1185,7041,C037_2022-02-15,1.0
1186,7043,C037_2022-04-20,0.4512384916860917
1187,7046,C037_2022-04-18,0.4555639156177156
1188,7049,C037_2022-03-17,0.5252035531278598
1189,7050,C037_2022-04-07,0.5023119694310628
1190,7051,C037_2022-03-21,0.5294267968643702
1191,7052,C037_2022-04-11,0.49101991583872917
1192,7053,C037_2022-03-16,0.5264907156349823
1193,7054,C037_2022-03-01,0.5404667294690495
1194,7055,C037_2022-03-09,0.5392540311042044
1195,7057,C037_2022-02-21,0.5437825892808427
1196,7058,C037_2022-02-24,0.48086997322282654
1197,7059,C037_2022-04-08,0.5278189513735647
1198,7061,C037_2022-04-15,0.5624118219045152
1199,7062,C037_2022-03-25,0.502614041384788
1200,7063,C037_2022-04-13,0.5596985570957438
1201,7065,C037_2022-03-29,0.5096520543796944
1202,7066,C037_2022-03-02,0.5015851070948805
1203,7067,C037_2022-04-26,0.5316685492428559
1204,7068,C037_2022-03-30,0.5384199686264353
1205,7069,C037_2022-03-22,0.5288058409980144
1206,7070,C037_2022-03-08,0.5685333474333074
1207,7071,C037_2022-04-19,0.5693375420495554
1208,7072,C037_2022-04-14,0.4693758702374169
1209,7099,C042_2022-03-04,0.6420188789361826
1210,7144,C042_2022-01-14,0.997245179063361
1211,7157,C042_2022-03-25,0.7713498622589533
1212,7191,C042_2022-01-06,1.0
1213,7201,C042_2022-01-13,0.7520661157024794
1214,7203,C042_2022-02-04,0.43183337817192236
1215,7216,C042_2022-02-25,0.6785512635575227
1216,7220,C042_2022-01-21,0.7107438016528925
1217,7223,C042_2022-04-29,0.8044077134986226
1218,7233,C042_2022-01-19,0.42675486197663126
1219,7234,C042_2022-04-21,0.8429752066115702
1220,7252,C042_2022-01-27,0.8732782369146005
1221,7266,C042_2022-04-27,0.8870523415977961
1222,7267,C042_2022-01-17,0.4503480773861203
1223,7273,C042_2022-02-18,0.7520661157024794
1224,7276,C042_2022-04-08,0.5601599286447189
1225,7277,C042_2022-02-11,0.8126721763085399
1226,7279,C042_2022-03-18,0.6719768358518196
1227,7286,C042_2022-01-28,0.768595041322314
1228,7291,C042_2022-04-04,0.2715538477317873
1229,7298,C042_2022-03-28,0.7933884297520661
1230,7305,C042_2022-02-24,0.8539944903581267
1231,7307,C042_2022-04-28,0.8953168044077136
1232,7308,C042_2022-04-14,0.8319559228650139
1233,7309,C042_2022-02-17,0.8898071625344354
1234,7312,C042_2022-02-07,0.7548209366391184
1235,7313,C042_2022-01-25,0.815426997245179
1236,7316,C042_2022-03-31,0.8650137741046832
1237,7325,C042_2022-02-15,0.7681070579086532
1238,7331,C042_2022-04-20,0.9889807162534435
1239,7334,C042_2022-01-12,0.7438016528925621
1240,7335,C042_2022-04-13,0.6267715199811925
1241,7336,C042_2022-03-02,0.7851239669421487
1242,7338,C042_2022-01-11,0.8650137741046832
1243,7340,C042_2022-02-23,0.7272727272727272
1244,7344,C042_2022-03-08,0.7658402203856749
1245,7346,C042_2022-02-10,0.8457300275482093
1246,7347,C042_2022-04-26,0.8099173553719008
1247,7348,C042_2022-04-06,0.7796143250688705
1248,7350,C042_2022-01-18,0.7493112947658402
1249,7351,C042_2022-04-01,0.7823691460055097
1250,7353,C042_2022-03-10,0.933884297520661
1251,7356,C042_2022-04-12,0.7851239669421487
1252,7357,C042_2022-02-21,0.403008991732845
1253,7360,C042_2022-03-01,0.6436205461928608
1254,7362,C042_2022-02-16,0.8044077134986226
1255,7363,C042_2022-03-03,1.0
1256,7364,C042_2022-03-07,0.7603305785123967
1257,7367,C042_2022-04-07,0.8457300275482093
1258,7368,C042_2022-02-22,0.7213978501734194
1259,7372,C042_2022-02-28,0.7658402203856749
1260,7374,C042_2022-03-24,0.8567493112947658
1261,7375,C042_2022-01-20,0.768595041322314
1262,7377,C042_2022-03-16,0.7603305785123967
1263,7378,C042_2022-03-30,0.7548209366391184
1264,7379,C042_2022-03-09,0.790633608815427
1265,7380,C042_2022-04-05,0.7630853994490359
1266,7381,C042_2022-02-03,0.8815426997245179
1267,7382,C042_2022-04-11,0.6560525258542405
1268,7386,C042_2022-03-11,0.7851239669421487
1269,7388,C042_2022-03-22,0.7868305136659418
1270,7389,C042_2022-03-15,0.9090909090909092
1271,7390,C042_2022-01-10,0.9421487603305785
1272,7391,C042_2022-02-01,0.837465564738292
1273,7392,C042_2022-02-14,0.6760964337782273
1274,7393,C042_2022-03-21,0.7410468319559228
1275,7394,C042_2022-03-23,0.7851239669421487
1276,7396,C042_2022-02-09,0.7713498622589533
1277,7397,C042_2022-02-02,0.7796143250688705
1278,7398,C042_2022-03-17,0.8953168044077136
1279,7399,C042_2022-02-08,0.7768595041322314
1280,7400,C042_2022-03-29,0.8044077134986226
1281,7427,C046_2022-04-22,0.7632183908045977
1282,7458,C046_2022-04-21,0.8206896551724139
1283,7480,C046_2022-01-14,0.828735632183908
1284,7488,C046_2022-04-01,0.8459770114942528
1285,7494,C046_2022-01-21,0.796551724137931
1286,7497,C046_2022-04-29,0.8540229885057471
1287,7508,C046_2022-01-13,0.7919540229885058
1288,7541,C046_2022-02-11,0.7885057471264368
1289,7547,C046_2022-02-04,0.8770114942528736
1290,7549,C046_2022-03-25,0.8080459770114943
1291,7555,C046_2022-01-05,0.8080459770114943
1292,7557,C046_2022-02-17,0.7850574712643678
1293,7562,C046_2022-03-04,0.7827586206896552
1294,7566,C046_2022-02-25,0.7551724137931034
1295,7572,C046_2022-01-19,0.7781609195402299
1296,7575,C046_2022-01-28,0.7482758620689655
1297,7584,C046_2022-04-07,0.7804597701149425
1298,7587,C046_2022-04-28,0.8425287356321839
1299,7599,C046_2022-02-15,0.8206896551724139
1300,7607,C046_2022-02-03,0.8597701149425289
1301,7608,C046_2022-01-20,0.7816091954022989
1302,7612,C046_2022-02-18,0.7839080459770115
1303,7613,C046_2022-03-31,0.7724137931034484
1304,7614,C046_2022-03-15,0.8781609195402299
1305,7616,C046_2022-04-13,0.7885057471264368
1306,7617,C046_2022-02-22,0.8241379310344827
1307,7618,C046_2022-03-10,0.8160919540229884
1308,7620,C046_2022-01-31,0.7954022988505747
1309,7630,C046_2022-03-03,0.7770114942528735
1310,7633,C046_2022-03-30,0.9862068965517241
1311,7635,C046_2022-04-04,0.8850574712643677
1312,7636,C046_2022-02-24,0.8137931034482758
1313,7640,C046_2022-01-26,0.7942528735632184
1314,7645,C046_2022-04-06,0.8482758620689655
1315,7646,C046_2022-03-21,0.8597701149425289
1316,7647,C046_2022-02-21,0.8137931034482758
1317,7649,C046_2022-02-28,0.828735632183908
1318,7650,C046_2022-03-16,0.8172413793103449
1319,7652,C046_2022-03-02,1.0
1320,7658,C046_2022-02-14,0.828735632183908
1321,7663,C046_2022-04-27,0.8873563218390804
1322,7664,C046_2022-04-19,0.8103448275862069
1323,7665,C046_2022-03-24,0.8586206896551724
1324,7666,C046_2022-03-22,0.8091954022988506
1325,7667,C046_2022-03-23,0.871264367816092
1326,7668,C046_2022-03-08,0.7609195402298851
1327,7670,C046_2022-04-08,0.8022988505747127
1328,7671,C046_2022-01-04,0.8896551724137932
1329,7675,C046_2022-03-14,0.8149425287356321
1330,7678,C046_2022-01-10,0.8609195402298851
1331,7679,C046_2022-04-25,0.796551724137931
1332,7680,C046_2022-04-05,0.8022988505747127
1333,7681,C046_2022-03-28,0.9344827586206897
1334,7684,C046_2022-03-07,0.8091954022988506
1335,7686,C046_2022-02-10,0.7471264367816092
1336,7688,C046_2022-04-11,0.8080459770114943
1337,7691,C046_2022-02-01,0.7885057471264368
1338,7692,C046_2022-04-12,0.8321839080459771
1339,7693,C046_2022-03-09,0.9183908045977011
1340,7694,C046_2022-02-16,0.8781609195402299
1341,7695,C046_2022-02-07,0.8206896551724139
1342,7696,C046_2022-01-12,0.7977011494252874
1343,7697,C046_2022-01-27,0.9241379310344827
1344,7699,C046_2022-04-14,0.7827586206896552
1345,7702,C046_2022-01-11,1.0
1346,7703,C046_2022-04-20,0.7770114942528735
1347,7704,C046_2022-01-06,0.8275862068965517
1348,7705,C046_2022-02-02,0.9298850574712644
1349,7706,C046_2022-01-17,0.7666666666666666
1350,7707,C046_2022-04-26,0.8022988505747127
1351,7708,C046_2022-01-24,0.7896551724137931
1352,7718,C047_2022-02-24,0.7578491509259259
1353,7721,C047_2022-02-16,0.6367538368208029
1354,7723,C047_2022-02-23,0.6267496974606342
1355,7753,C047_2022-02-28,0.5366483118513682
1356,7755,C047_2022-02-11,0.5587666080616545
1357,7759,C047_2022-01-07,0.570796972124132
1358,7761,C047_2022-02-04,0.47403163686336125
1359,7766,C047_2022-02-18,0.5361899866103745
1360,7767,C047_2022-03-25,0.6178504482812154
1361,7768,C047_2022-02-14,0.6503334475493457
1362,7770,C047_2022-02-25,0.6052788732978488
1363,7773,C047_2022-02-03,0.6417877093642229
1364,7779,C047_2022-01-06,0.5881879074850299
1365,7782,C047_2022-03-02,0.666172647444001
1366,7784,C047_2022-02-02,0.43294006810657226
1367,7785,C047_2022-02-22,0.5262822263651915
1368,7787,C047_2022-03-01,0.5904881054612997
1369,7789,C047_2022-03-11,0.730903562037037
1370,7793,C047_2022-02-10,0.657246454618715
1371,7794,C047_2022-01-14,0.5800932079064094
1372,7796,C047_2022-01-10,0.3877248843987315
1373,7799,C047_2022-03-07,0.6679492720614327
1374,7800,C047_2022-01-21,0.5615390074683965
1375,7803,C047_2022-01-18,0.359462710739512
1376,7807,C047_2022-01-13,0.4604487218990528
1377,7809,C047_2022-01-17,0.32948821221435104
1378,7810,C047_2022-02-07,0.74207063804613
1379,7811,C047_2022-04-29,0.636904160634287
1380,7816,C047_2022-02-08,0.5201494867819916
1381,7819,C047_2022-02-17,0.6530423667332003
1382,7821,C047_2022-03-17,0.45421919710379505
1383,7823,C047_2022-01-25,0.5503446440923653
1384,7825,C047_2022-01-05,0.31821009860914495
1385,7826,C047_2022-01-20,0.570243374788831
1386,7828,C047_2022-01-28,0.4668517496732904
1387,7829,C047_2022-04-22,0.5405445480974528
1388,7830,C047_2022-03-08,0.5964625779108449
1389,7832,C047_2022-01-27,0.7717749416666667
1390,7834,C047_2022-03-03,0.6939135160345975
1391,7835,C047_2022-01-24,0.4348883555200012
1392,7837,C047_2022-02-09,0.3681456349833077
1393,7839,C047_2022-01-19,0.47957838786188806
1394,7841,C047_2022-01-11,0.4153140965275735
1395,7842,C047_2022-01-26,0.6476963375914837
1396,7843,C047_2022-01-12,0.36607372807716815
1397,7844,C047_2022-01-04,0.4948762723162168
1398,7846,C047_2022-03-14,0.6847926114049678
1399,7848,C047_2022-01-03,0.5185108742045053
1400,7849,C047_2022-03-18,0.639789686787536
1401,7853,C047_2022-02-15,0.5850405326790863
1402,7855,C047_2022-01-31,0.3971827790574712
1403,7856,C047_2022-04-08,0.6963596678864493
1404,7858,C047_2022-02-01,0.5227886759148369
1405,7860,C047_2022-04-21,0.49550062883654217
1406,7861,C047_2022-04-28,0.49515805191841816
1407,7863,C047_2022-04-26,0.5860752356121092
1408,7865,C047_2022-03-09,0.6181311059325793
1409,7866,C047_2022-04-05,0.5191053541306276
1410,7868,C047_2022-02-21,0.5776927867163294
1411,7869,C047_2022-04-01,0.5232406514556568
1412,7871,C047_2022-04-14,0.36508998960141276
1413,7874,C047_2022-04-11,0.6568688306387226
1414,7875,C047_2022-04-27,0.4909644259381259
1415,7879,C047_2022-03-24,0.6908381028110445
1416,7881,C047_2022-03-31,0.683772662890885
1417,7884,C047_2022-04-07,0.6816975211355066
1418,7885,C047_2022-04-06,0.5460852319310407
1419,7886,C047_2022-04-20,0.6339428862275449
1420,7887,C047_2022-03-30,0.5647250000443558
1421,7889,C047_2022-04-12,0.5083279769077105
1422,7894,C047_2022-03-28,0.5423051700248488
1423,7896,C047_2022-03-15,0.4954446935561207
1424,7897,C047_2022-03-23,0.6184613641605677
1425,7900,C047_2022-04-13,0.4663752917457815
1426,7901,C047_2022-03-29,0.5228909123752495
1427,7902,C047_2022-03-04,0.3621465212779636
1428,7903,C047_2022-04-04,0.5826777305111999
1429,7904,C047_2022-03-21,0.4883440575101053
1430,7906,C047_2022-04-25,0.46550196722660325
1431,7907,C047_2022-03-10,0.3870511946195799
1432,7908,C047_2022-04-19,0.7143951055555555
1433,7909,C047_2022-03-16,0.6230031852295409
1434,7910,C047_2022-03-22,0.3707296788213139
1435,7914,C048_2022-04-29,0.3395928628278699
1436,7935,C048_2022-02-19,0.16021619968074002
1437,7973,C048_2022-03-11,0.08794180469194907
1438,7979,C048_2022-02-25,0.26882394821476685
1439,7982,C048_2022-01-21,0.08713350044476104
1440,7983,C048_2022-02-18,0.24880464732326305
1441,7984,C048_2022-02-11,0.17899040762054255
1442,7995,C048_2022-01-14,0.06962891147576901
1443,7996,C048_2022-02-04,0.11181755858429854
1444,8005,C048_2022-03-04,0.19721816566308512
1445,8008,C048_2022-03-25,0.4134761094193716
1446,8012,C048_2022-02-22,0.12033497165992695
1447,8037,C048_2022-02-14,0.18054823515550014
1448,8040,C048_2022-03-03,0.42068419427609144
1449,8042,C048_2022-02-28,0.10965374432228074
1450,8043,C048_2022-01-27,0.0719042764506504
1451,8044,C048_2022-01-28,0.12310623418226445
1452,8045,C048_2022-01-19,0.2516050615028898
1453,8058,C048_2022-02-10,0.19049634906124566
1454,8061,C048_2022-01-25,0.24445253851778045
1455,8069,C048_2022-01-07,0.1437740739273636
1456,8074,C048_2022-02-16,0.2413946422783939
1457,8076,C048_2022-02-03,0.3737682461420017
1458,8083,C048_2022-03-16,0.31516308605966165
1459,8085,C048_2022-01-13,0.11251580715219878
1460,8086,C048_2022-02-23,0.1970549018359188
1461,8088,C048_2022-04-22,0.049171929946840415
1462,8089,C048_2022-01-20,0.16373862178353102
1463,8091,C048_2022-02-08,0.07334542448405226
1464,8094,C048_2022-01-12,0.2731718173948398
1465,8095,C048_2022-04-08,0.12217965173405985
1466,8100,C048_2022-04-15,0.06286040088542381
1467,8102,C048_2022-03-01,0.3248270715369211
1468,8106,C048_2022-04-11,0.08272455379895897
1469,8109,C048_2022-03-31,0.23800626216040235
1470,8111,C048_2022-04-20,0.16765682940166593
1471,8118,C048_2022-03-07,0.2232589368103484
1472,8121,C048_2022-01-26,0.3076119337955949
1473,8123,C048_2022-03-22,0.1450930977065024
1474,8124,C048_2022-04-06,0.15882506385296927
1475,8125,C048_2022-01-18,0.23483594398951116
1476,8126,C048_2022-04-14,0.08812985123797556
1477,8130,C048_2022-03-28,0.0545592580489
1478,8131,C048_2022-04-21,0.07787593768791945
1479,8135,C048_2022-01-05,0.12499840988359108
1480,8137,C048_2022-03-18,0.28382808773719453
1481,8138,C048_2022-02-15,0.1543818237849863
1482,8140,C048_2022-03-30,0.30122790575871566
1483,8141,C048_2022-02-07,0.3395257518629033
1484,8143,C048_2022-03-24,0.31702668809286294
1485,8144,C048_2022-03-09,0.32477002086881274
1486,8146,C048_2022-04-12,0.18021722492478176
1487,8147,C048_2022-04-05,0.2723193747522498
1488,8149,C048_2022-04-07,0.15748791348445867
1489,8153,C048_2022-03-14,0.1368350607026086
1490,8154,C048_2022-01-04,0.06795271267876031
1491,8156,C048_2022-03-23,0.13938930729035673
1492,8157,C048_2022-04-13,0.25283542058910585
1493,8158,C048_2022-04-27,0.2201729865424266
1494,8159,C048_2022-04-19,0.0710764109144673
1495,8160,C048_2022-01-10,0.08315613125114722
1496,8161,C048_2022-04-25,0.16480056695858317
1497,8162,C050_2022-04-27,1.0
1498,8163,C050_2022-04-06,1.0
1499,8164,C050_2022-04-26,1.0
1500,8165,C050_2022-04-22,1.0
1501,8166,C050_2022-03-22,1.0
1502,8167,C050_2022-03-25,1.0
1503,8168,C050_2022-04-19,1.0
1504,8169,C050_2022-04-11,1.0
1505,8170,C050_2022-04-15,1.0
1506,8171,C050_2022-04-12,1.0
1507,8172,C050_2022-03-21,1.0
1508,8173,C050_2022-03-29,1.0
1509,8174,C050_2022-03-16,1.0
1510,8175,C050_2022-03-31,1.0
1511,8176,C050_2022-04-01,1.0
1512,8177,C050_2022-03-30,1.0
1513,8178,C050_2022-04-21,1.0
1514,8179,C050_2022-04-28,1.0
1515,8180,C050_2022-04-14,1.0
1516,8181,C050_2022-04-29,1.0
1517,8182,C050_2022-03-28,1.0
1518,8183,C050_2022-03-17,1.0
1519,8184,C050_2022-04-07,1.0
1520,8185,C050_2022-03-18,1.0
1521,8187,C050_2022-04-04,1.0
1522,8188,C050_2022-04-13,1.0
1523,8189,C050_2022-04-05,1.0
1524,8190,C050_2022-03-23,1.0
1525,8191,C050_2022-04-08,1.0
1526,8192,C050_2022-03-24,1.0
1527,8193,C050_2022-04-20,1.0
1528,8194,C051_2022-02-28,1.0
1529,8195,C051_2022-03-03,0.9150823827629911
1530,8196,C051_2022-04-26,0.8795944233206591
1531,8197,C051_2022-03-24,0.9461343472750317
1532,8198,C051_2022-03-17,0.8567807351077313
1533,8199,C051_2022-03-02,0.8409378960709759
1534,8200,C051_2022-03-04,0.8314321926489227
1535,8201,C051_2022-03-01,0.832699619771863
1536,8202,C051_2022-04-22,0.8669201520912547
1537,8203,C051_2022-04-19,0.8891001267427123
1538,8204,C051_2022-03-21,0.8479087452471483
1539,8205,C051_2022-04-11,0.8656527249683142
1540,8206,C051_2022-03-29,0.8821292775665399
1541,8207,C051_2022-03-08,0.8250950570342205
1542,8208,C051_2022-04-27,0.8929024081115337
1543,8209,C051_2022-04-06,0.9100126742712294
1544,8210,C051_2022-03-18,0.8339670468948035
1545,8211,C051_2022-03-09,0.844106463878327
1546,8212,C051_2022-04-14,0.8960709759188846
1547,8213,C051_2022-03-30,0.9740177439797212
1548,8214,C051_2022-03-11,0.8789607097591888
1549,8215,C051_2022-04-01,0.8808618504435994
1550,8216,C051_2022-03-16,0.8548795944233207
1551,8217,C051_2022-03-25,0.8485424588086184
1552,8218,C051_2022-04-28,1.0
1553,8219,C051_2022-04-25,0.829531051964512
1554,8220,C051_2022-04-08,0.8117870722433459
1555,8221,C051_2022-04-29,0.9062103929024081
1556,8222,C051_2022-04-04,0.8814955640050698
1557,8223,C051_2022-03-14,0.8333333333333334
1558,8224,C051_2022-04-21,0.8605830164765527
1559,8225,C051_2022-04-12,0.8548795944233207
1560,8226,C051_2022-03-23,0.9125475285171102
1561,8227,C051_2022-03-15,0.8681875792141952
1562,8228,C051_2022-04-05,0.8732572877059569
1563,8229,C051_2022-03-10,0.885297845373891
1564,8230,C051_2022-04-07,0.8504435994930292
1565,8231,C051_2022-04-20,0.9448669201520913
1566,8232,C051_2022-03-07,0.8396704689480355
1567,8233,C051_2022-03-28,0.8574144486692016
1568,8234,C051_2022-04-13,0.8593155893536122
1569,8235,C051_2022-03-22,0.8447401774397972
1570,8236,C051_2022-03-31,0.8700887198986059
